pais,anio,mes,formato,archivo,revision,nombre_original
Alemania,2025,1,DOCX,infoinve-alemania-2025-01.docx,0,INFOINVE Alemania enero de 2025.docx
Alemania,2025,7,DOCX,infoinve-alemania-2025-07.docx,0,INFOINVE Alemania julio de 2025.docx
Alemania,2025,9,DOCX,infoinve-alemania-2025-09.docx,0,INFOINVE Alemania septiembre de 2025.docx
Andorra,2025,11,DOCX,infoinve-andorra-2025-11.docx,0,INFOINVE Andorra noviembre de 2025.docx
Arabia Saudita,2025,1,DOCX,infoinve-arabia-saudita-2025-01.docx,0,INFOINVE Arabia enero de 2025.docx
Arabia Saudita,2025,11,DOCX,infoinve-arabia-saudita-2025-11.docx,0,INFOINVE Arabia noviembre de 2025.docx
Armenia,2025,1,DOCX,infoinve-armenia-2025-01.docx,0,INFOINVE  Armenia enero de 2025.docx
Armenia,2025,5,DOCX,infoinve-armenia-2025-05.docx,0,INFOINVE  Armenia mayo de 2025.docx
Armenia,2025,8,DOCX,infoinve-armenia-2025-08.docx,0,INFOINVE Armenia agosto de 2025.docx
Austria,2025,1,DOCX,infoinve-austria-2025-01.docx,0,INFOINVE Austria enero de 2025.docx
Azerbaiyan,2025,8,DOCX,infoinve-azerbaiyan-2025-08.docx,0,INFOINVE Azerbaiyán agosto 2025.docx
Bangladesh,2025,1,DOCX,infoinve-bangladesh-2025-01.docx,0,INFOINVE Bangladesh enero de 2025.docx
Belgica,2025,1,DOCX,infoinve-belgica-2025-01.docx,0,INFOINVE Bélgica enero de 2025.docx
Belgica,2025,10,DOCX,infoinve-belgica-2025-10.docx,0,INFOINVE Bélgica octubre de 2025.docx
Brasil,2025,2,DOCX,infoinve-brasil-2025-02.docx,0,INFOINVE Brasil febrero de 2025.docx
Bulgaria,2025,2,DOCX,infoinve-bulgaria-2025-02.docx,0,INFOINVE Bulgaria febrero de 2025.docx
Bulgaria,2025,11,DOCX,infoinve-bulgaria-2025-11.docx,0,INFOINVE Bulgaria noviembre de 2025.docx
Canada,2025,5,DOCX,infoinve-canada-2025-05.docx,0,INFOINVE Canadá mayo de 2025.docx
Colombia,2025,3,DOCX,infoinve-colombia-2025-03.docx,0,INFOINVE COLOMBIA marzo de 2025.docx
Corea,2025,1,DOCX,infoinve-corea-2025-01.docx,0,INFOINVE COREA enero de 2025.docx
Corea,2025,8,DOCX,infoinve-corea-2025-08.docx,0,INFOINVE COREA agosto de 2025.docx
Croacia,2025,1,DOCX,infoinve-croacia-2025-01.docx,0,INFOINVE Croacia enero de 2025.docx
Croacia,2025,11,DOCX,infoinve-croacia-2025-11.docx,0,INFOINVE Croacia noviembre de 2025.docx
Dinamarca,2025,2,DOCX,infoinve-dinamarca-2025-02.docx,0,INFOINVE Dinamarca febrero de 2025.docx
Dinamarca,2025,9,DOCX,infoinve-dinamarca-2025-09.docx,0,INFOINVE Dinamarca septiembre de 2025.docx
Emiratos Árabes,2025,10,DOCX,infoinve-emiratos-arabes-2025-10.docx,0,INFOINVE Emiratos ╡rabes octubre de 2025.docx
España,2025,3,DOCX,infoinve-espana-2025-03.docx,0,INFOINVE España marzo de 2025.docx
España,2025,7,DOCX,infoinve-espana-2025-07.docx,0,INFOINVE España julio de 2025.docx
España,2025,11,DOCX,infoinve-espana-2025-11.docx,0,INFOINVE Espana noviembre de 2025.docx
Estados Unidos,2025,1,DOCX,infoinve-estados-unidos-2025-01.docx,0,INFOINVE Estados Unidos enero de 2025.docx
Estados Unidos,2025,9,DOCX,infoinve-estados-unidos-2025-09.docx,0,INFOINVE Estados Unidos septiembre de 2025.docx
Estados Unidos,2025,10,DOCX,infoinve-estados-unidos-2025-10.docx,0,INFOINVE Estados Unidos octubre de 2025.docx
Federación Rusa,2025,9,DOCX,infoinve-federacion-rusa-2025-09.docx,0,INFOINVE Federación Rusa septiembre de 2025.docx
Finlandia,2025,1,DOCX,infoinve-finlandia-2025-01.docx,0,INFOINVE Finlandia enero de 2025.docx
Finlandia,2025,9,DOCX,infoinve-finlandia-2025-09.docx,0,INFOINVE Finlandia septiembre de 2025.docx
Finlandia,2025,12,DOCX,infoinve-finlandia-2025-12.docx,0,INFOINVE Finlandia diciembre de 2025.docx
Francia,2025,5,DOCX,infoinve-francia-2025-05.docx,0,INFOINVE Francia mayo de 2025.docx
Georgia,2025,8,DOCX,infoinve-georgia-2025-08.docx,0,INFOINVE Georgia agosto de 2025.docx
Grecia,2025,9,DOCX,infoinve-grecia-2025-09.docx,0,INFOINVE Grecia septiembre de 2025.docx
Grecia,2025,11,DOCX,infoinve-grecia-2025-11.docx,0,INFOINVE Grecia noviembre de 2025.docx
Hungria,2025,5,DOCX,infoinve-hungria-2025-05.docx,0,INFOINVE Hungría mayo de 2025.docx
Hungria,2025,11,DOCX,infoinve-hungria-2025-11.docx,0,INFOINVE Hungría noviembre de 2025.docx
Irlanda,2025,2,DOCX,infoinve-irlanda-2025-02.docx,0,INFOINVE  Irlanda febrero de 2025.docx
Irlanda,2025,4,DOCX,infoinve-irlanda-2025-04.docx,0,INFOINVE  Irlanda abril de 2025.docx
Irlanda,2025,5,DOCX,infoinve-irlanda-2025-05.docx,0,INFOINVE  Irlanda mayo de 2025.docx
Israel,2025,1,DOCX,infoinve-israel-2025-01.docx,0,INFOINVE Israel enero de 2025.docx
Israel,2025,11,DOCX,infoinve-israel-2025-11.docx,0,INFOINVE Israel noviembre de 2025.docx
Italia,2025,4,DOCX,infoinve-italia-2025-04.docx,0,INFOINVE Italia abril de 2025.docx
Italia,2025,9,DOCX,infoinve-italia-2025-09.docx,0,INFOINVE Italia septiembre de 2025.docx
Kuwait,2025,6,DOCX,infoinve-kuwait-2025-06.docx,0,INFOINVE Kuwait junio de 2025.docx
Montenegro,2025,11,DOCX,infoinve-montenegro-2025-11.docx,0,INFOINVE Montenegro noviembre de 2025.docx
México,2025,8,DOCX,infoinve-mexico-2025-08.docx,0,INFOINVE Mexico agosto 2025.docx
Noruega,2025,6,DOCX,infoinve-noruega-2025-06.docx,0,INFOINVE Noruega junio de 2025.docx
Noruega,2025,12,DOCX,infoinve-noruega-2025-12.docx,0,INFOINVE Noruega diciembre de 2025.docx
Nueva Zelanda,2025,2,DOCX,infoinve-nueva-zelanda-2025-02.docx,0,INFOINVE Nueva Zelanda febrero de 2025.docx
Panama,2025,11,DOCX,infoinve-panama-2025-11.docx,0,INFOINVE Panamá noviembre de 2025.docx
Países Bajos,2025,1,DOCX,infoinve-paises-bajos-2025-01.docx,0,INFOINVE Países Bajos enero de 2025.docx
Países Bajos,2025,9,DOCX,infoinve-paises-bajos-2025-09.docx,0,INFOINVE Países Bajos septiembre de 2025.docx
Países Bajos,2025,10,DOCX,infoinve-paises-bajos-2025-10.docx,0,INFOINVE Países Bajos octubre de 2025.docx
Peru,2025,6,DOCX,infoinve-peru-2025-06.docx,0,INFOINVE Perú junio de 2025.docx
Polonia,2025,11,DOCX,infoinve-polonia-2025-11.docx,0,INFOINVE Polonia noviembre de 2025.docx
Portugal,2025,9,DOCX,infoinve-portugal-2025-09.docx,0,INFOINVE Portugal septiembre de 2025.docx
Portugal,2025,12,DOCX,infoinve-portugal-2025-12.docx,0,INFOINVE Portugal diciembre de 2025.docx
Reino Unido,2025,1,DOCX,infoinve-reino-unido-2025-01.docx,0,INFOINVE Reino Unido enero de 2025.docx
Reino Unido,2025,10,DOCX,infoinve-reino-unido-2025-10.docx,0,INFOINVE Reino Unido octubre de 2025.docx
Rep. Checa,2025,5,DOCX,infoinve-rep-checa-2025-05.docx,0,INFOINVE Rep. Checa mayo de 2025.docx
Rep. Checa,2025,8,DOCX,infoinve-rep-checa-2025-08.docx,0,INFOINVE Rep. Checa agosto de 2025.docx
Rep. Checa,2025,12,DOCX,infoinve-rep-checa-2025-12.docx,0,INFOINVE Rep. Checa diciembre de 2025.docx
Serbia,2025,5,DOCX,infoinve-serbia-2025-05.docx,0,INFOINVE Serbia mayo de 2025.docx
Serbia,2025,11,DOCX,infoinve-serbia-2025-11.docx,0,INFOINVE Serbia noviembre de 2025.docx
Singapur,2025,1,DOCX,infoinve-singapur-2025-01.docx,0,INFOINVE SINGAPUR enero de 2025.docx
Suecia,2025,7,DOCX,infoinve-suecia-2025-07.docx,0,INFOINVE Suecia julio de 2025.docx
Suiza,2025,1,DOCX,infoinve-suiza-2025-01.docx,0,INFOINVE Suiza enero de 2025.docx
Suiza,2025,9,DOCX,infoinve-suiza-2025-09.docx,0,INFOINVE Suiza septiembre de 2025.docx
Suiza,2025,10,DOCX,infoinve-suiza-2025-10.docx,0,INFOINVE Suiza octubre de 2025.docx
Tailandia,2025,1,DOCX,infoinve-tailandia-2025-01.docx,0,INFOINVE Tailandia enero 2025.docx
Tunez,2025,3,DOCX,infoinve-tunez-2025-03.docx,0,INFOINVE Túnez marzo de 2025.docx
Turquia,2025,4,DOCX,infoinve-turquia-2025-04.docx,0,INFOINVE Turquía abril de 2025.docx
UE,2025,2,DOCX,infoinve-ue-2025-02.docx,0,INFOINVE UE febrero de 2025.docx
UE,2025,8,DOCX,infoinve-ue-2025-08.docx,0,INFOINVE UE agosto de 2025.docx
Ucrania,2025,9,DOCX,infoinve-ucrania-2025-09.docx,0,INFOINVE UCRANIA septiembre 2025.docx
Vietnam,2025,10,DOCX,infoinve-vietnam-2025-10.docx,0,INFOINVE Vietnam octubre de 2025.docx
